,City,City Latitude,City Longitude,Hospital
0,Hayward,37.63,-122.04,Bay Area Veterinary Specialists
1,Hayward,37.63,-122.04,Bishop Ranch Veterinary Center & Urgent Care
2,Hayward,37.63,-122.04,Groveway Veterinary Hosp
3,Hayward,37.63,-122.04,Alta Vista Veterinary Clinic
4,Hayward,37.63,-122.04,Arroyo Veterinary Clinic
5,Hayward,37.63,-122.04,Veterinary Medical Center
6,Hayward,37.63,-122.04,Groveway Veterinary Hospital
7,Hayward,37.63,-122.04,Hill's Veterinary Hospital
8,Hayward,37.63,-122.04,Pleasanton Veterinary Hospital
9,Hayward,37.63,-122.04,Haymont Veterinary Clinic
10,Hayward,37.63,-122.04,Amador Valley Veterinary Center
11,Hayward,37.63,-122.04,Veterinary Medical Specialists
12,Hayward,37.63,-122.04,Veterinary Orthopedic Surgery Services
13,Hayward,37.63,-122.04,Veterinary Internal Medicine Services
14,Hayward,37.63,-122.04,Mission Valley Veterinary Clinic
15,Hayward,37.63,-122.04,TriCity Veterinary Hospital
16,Hayward,37.63,-122.04,Chabot Veterinary Clinic
17,Hayward,37.63,-122.04,Canyon Veterinary Hospital
18,Hayward,37.63,-122.04,Central Veterinary
19,Hayward,37.63,-122.04,Central Veterinary Hospital
20,Hayward,37.63,-122.04,Blue Cross Veterinary Clinic
21,Hayward,37.63,-122.04,Parkway Veterinary Hospital
22,Hayward,37.63,-122.04,All Creatures Veterinary
23,Hayward,37.63,-122.04,Sage Centers For Veterinary Specialty
24,Hayward,37.63,-122.04,Ohlone Veterinary Emergency
25,Hayward,37.63,-122.04,Four Paws Veterinary Center
26,Hayward,37.63,-122.04,San Leandro Veterinary Hospital
27,Hayward,37.63,-122.04,Dublin Veterinary Hospital
28,Hayward,37.63,-122.04,Beacon Veterinary Specialists
29,Hayward,37.63,-122.04,"Robert J Tisdale D.V.M., Inc., Mission Veterinary Center"
30,Hayward,37.63,-122.04,Feline Veterinary Center
31,Hayward,37.63,-122.04,Good Samaritan Vet
32,Hayward,37.63,-122.04,Plaza Veterinary Hospital
33,Hayward,37.63,-122.04,San Ramon Vet Hospital
34,Huntington Park,33.97,-118.21,Veterinary Cancer Group
35,Huntington Park,33.97,-118.21,Veterinary Cancer Group of the South Bay
36,Huntington Park,33.97,-118.21,Huntington Park Veterinary Hospital
37,Huntington Park,33.97,-118.21,Casillas Veterinary Hospital
38,Huntington Park,33.97,-118.21,Veterinary Healthcare Center
39,Huntington Park,33.97,-118.21,Southern California Veterinary Imaging
40,Huntington Park,33.97,-118.21,Thomas Veterinary Hospital
41,Huntington Park,33.97,-118.21,Hollydale Veterinary Hospital
42,Huntington Park,33.97,-118.21,los angeles veterinary center
43,Huntington Park,33.97,-118.21,Lynwood Dog and Cat Hospital
44,Huntington Park,33.97,-118.21,Downey Veterinary Hospital
45,Huntington Park,33.97,-118.21,Casillas Veterinary Hospitals
46,Huntington Park,33.97,-118.21,pet care veterinary center
48,Huntington Park,33.97,-118.21,Alhambra Veterinary Hospital
49,Huntington Park,33.97,-118.21,Shatto Veterinary Center
50,Huntington Park,33.97,-118.21,Hancock Park Veterinary Clinic
51,Huntington Park,33.97,-118.21,Pasadena Veterinary Specialists
52,Huntington Park,33.97,-118.21,South Bay Veterinary Care
53,Huntington Park,33.97,-118.21,California Veterinary Hospital
54,Huntington Park,33.97,-118.21,Village Veterinary Hospital
55,Huntington Park,33.97,-118.21,Beverly Robertson Veterinary Clinic
56,Huntington Park,33.97,-118.21,City Of Angels Veterinary Specialty Center
57,Huntington Park,33.97,-118.21,South Pasadena Veterinary Hospital
58,Huntington Park,33.97,-118.21,Ohana Veterinary Clinic
59,Huntington Park,33.97,-118.21,Ambassador Long Beach Veterinary Hospital
60,Huntington Park,33.97,-118.21,Macy & thomas veterinary hospital
61,Huntington Park,33.97,-118.21,Century Veterinary Group
62,Huntington Park,33.97,-118.21,Park LaBrea Veterinary Care
63,Huntington Park,33.97,-118.21,TLC Pet Medical Centers
364,Encino,34.2,-118.54,Veterinary Cancer Group San Fernando Valley
365,Encino,34.2,-118.54,Veterinary Medical Center Studio City
366,Encino,34.2,-118.54,VCA Veterinary Specialists of the Valley
367,Encino,34.2,-118.54,Veterinary MS
368,Encino,34.2,-118.54,Sherman Oaks Veterinary
369,Encino,34.2,-118.54,North Valley Veterinary Clinic / Animal Dermatology Clinic
370,Encino,34.2,-118.54,Mid Valley Veterinary Hospital
371,Encino,34.2,-118.54,Victory Veterinary Center
372,Encino,34.2,-118.54,Pierce College: Pre-veterinary Club
373,Encino,34.2,-118.54,American Veterinary Hospital of Simi Valley
374,Encino,34.2,-118.54,Warner Center Veterinary
375,Encino,34.2,-118.54,Vet People Veterinary Services
376,Encino,34.2,-118.54,Nordhoff Veterinary Hospital
377,Encino,34.2,-118.54,Adler Veterinary Group
378,Encino,34.2,-118.54,West Hills Veterinary Clinic
379,Encino,34.2,-118.54,Balboa Veterinary Medical Clinic
380,Encino,34.2,-118.54,Dr. Stan Kunin's Veterinary Medical Center
381,Encino,34.2,-118.54,Encino Veterinary Clinic
382,Encino,34.2,-118.54,Balboa Veterinary Medical Center
383,Encino,34.2,-118.54,Canoga Park Veterinary Center
384,Encino,34.2,-118.54,Van Nuys Veterinary Clinic
385,Encino,34.2,-118.54,Balboa  Veterinary Clinic
386,Encino,34.2,-118.54,Northridge Veterinary Center
387,Encino,34.2,-118.54,Healing Touch Veterinary Wellness Center
388,Encino,34.2,-118.54,Chatsworth Veterinary Center
389,Encino,34.2,-118.54,Mission Veterinary Hospital And Clinic
390,Encino,34.2,-118.54,McGrath Veterinary Center
391,Encino,34.2,-118.54,Mission Veterinary Clinic and Animal Emergency Hospital
392,Encino,34.2,-118.54,Granada Veterinary Clinic
393,Encino,34.2,-118.54,West Hills Veterinary Center
394,Encino,34.2,-118.54,Calabasas Veterinary Center
395,Encino,34.2,-118.54,Fallbrook Veterinary Clinic
396,Encino,34.2,-118.54,North Valley Veterinary Clinic
397,Encino,34.2,-118.54,Szanto Veterinary Clinic
398,Encino,34.2,-118.54,Five Star Veterinary
399,Encino,34.2,-118.54,Dill Veterinary
400,Encino,34.2,-118.54,Roxford Veterinary Clinic
401,Encino,34.2,-118.54,Holistic Veterinary Center
402,Encino,34.2,-118.54,Pacific Palisades Veterinary Center
442,Ssf,37.65,-122.42,San Francisco SPCA Veterinary Hospital
443,Ssf,37.65,-122.42,VCA San Francisco Veterinary Specialists
444,Ssf,37.65,-122.42,Ocean Ave Veterinary
445,Ssf,37.65,-122.42,St. Francis Veterinary Hospital
446,Ssf,37.65,-122.42,Nor Cal Veterinary Emergency and Specialty Hospital
447,Ssf,37.65,-122.42,Peninsula Avenue Veterinary Clinic
448,Ssf,37.65,-122.42,Especially Cats Veterinary Hospital
449,Ssf,37.65,-122.42,North Peninsula Veterinary Emergency Clinic
450,Ssf,37.65,-122.42,Linda Mar Veterinary Hospital
451,Ssf,37.65,-122.42,Masson Veterinary Hospital
452,Ssf,37.65,-122.42,Veterinary Vision
453,Ssf,37.65,-122.42,AllCare Veterinary Hospital
455,Ssf,37.65,-122.42,Fatima-Restani Veterinary Hospital
456,Ssf,37.65,-122.42,Seven Hills Veterinary
457,Ssf,37.65,-122.42,St. Francis Square Veterinary Hospital
458,Ssf,37.65,-122.42,Healthy Pet Veterinary Hospital
459,Ssf,37.65,-122.42,cappuccino veterinary clinic
460,Ssf,37.65,-122.42,Presidio Way Veterinary Hospital
461,Ssf,37.65,-122.42,VSA - Veterinary Surgical Associates
462,Ssf,37.65,-122.42,SAGE Centers for Veterinary Specialty and Emergency Care
463,Ssf,37.65,-122.42,San Francisco Veterinary Specialists - Cardiology Dept.
464,Ssf,37.65,-122.42,Aragon Veterinary Clinic
465,Ssf,37.65,-122.42,Sunset Veterinary Hospital
466,Ssf,37.65,-122.42,Marina Village Veterinary
467,Ssf,37.65,-122.42,Ocean Beach Veterinary Clinic
468,Ssf,37.65,-122.42,Laurelwood Veterinary Clinic
469,Ssf,37.65,-122.42,Providence Veterinary Group
470,Ssf,37.65,-122.42,San Francisco Vet
478,San Francisco,37.74,-122.41,Campus Veterinary
488,San Francisco,37.74,-122.41,Providence Veterinary Hospital
493,San Francisco,37.74,-122.41,East Bay Veterinary Clinic
494,San Francisco,37.74,-122.41,University Veterinary Hospital
498,San Francisco,37.74,-122.41,The Grand Lake Veterinary Hospital
499,San Francisco,37.74,-122.41,Emeryville Veterinary Hospital
500,San Francisco,37.74,-122.41,Harbor Veterinary
501,San Francisco,37.74,-122.41,Providence East Veterinary Hospital
502,San Francisco,37.74,-122.41,The Lake Veterinary Hospital
503,San Francisco,37.74,-122.41,Oakland Veterinary Hospital
541,Riverside,33.99,-117.44,Pedley Veterinary Hospital
542,Riverside,33.99,-117.44,West Riverside Veterinary Hospital
543,Riverside,33.99,-117.44,Pedley Square Veterinary Clinic
544,Riverside,33.99,-117.44,Vet Err Done Mobile Veterinary Practice
545,Riverside,33.99,-117.44,Lincoln Plaza Veterinary Clinic
546,Riverside,33.99,-117.44,La Sierra Veterinary Clinic
547,Riverside,33.99,-117.44,The Pets Place Animal Hospital
548,Riverside,33.99,-117.44,Animal and Bird Veterinary Medical Center
549,Riverside,33.99,-117.44,Tillema Veterinary Clinic
550,Riverside,33.99,-117.44,Equine Veterinary Specialists
551,Riverside,33.99,-117.44,Woodcrest Veterinary Clinic
552,Riverside,33.99,-117.44,California Veterinary Specialists
553,Riverside,33.99,-117.44,Rancho Regional Veterinary Hospital
554,La Habra Hts,33.94,-117.95,Sunny Hills Veterinary Hospital
555,La Habra Hts,33.94,-117.95,Healthy Paws Veterinary Care
556,La Habra Hts,33.94,-117.95,Brea Veterinary Hospital
557,La Habra Hts,33.94,-117.95,Founders Veterinary Clinic
560,La Habra Hts,33.94,-117.95,University Veterinary Center
561,La Habra Hts,33.94,-117.95,La Palma Veterinary Hospital
562,La Habra Hts,33.94,-117.95,Placentia Veterinary Clinic Inc.
564,La Habra Hts,33.94,-117.95,Olinda Veterinary Hospital
565,La Habra Hts,33.94,-117.95,Circle Of Friends Veterinary
566,La Habra Hts,33.94,-117.95,Diamond Bar Veterinary
567,La Habra Hts,33.94,-117.95,Equine veterinary Associates
568,La Habra Hts,33.94,-117.95,Westminster Veterinary
571,La Habra Hts,33.94,-117.95,Paws N Claws Veterinary Hospital
644,Fairfield,38.28,-122.0,Travis Veterinary Clinic
645,Fairfield,38.28,-122.0,All 4 Paws Veterinary Hospital
646,Fairfield,38.28,-122.0,Pawsh Place Veterinary Center & Boutique
647,Fairfield,38.28,-122.0,Barney & Russum Veterinary
648,Fairfield,38.28,-122.0,Vaca Valley Veterinary
649,Fairfield,38.28,-122.0,Mid-Valley Veterinary Hospital
650,Anaheim,33.82,-117.91,Veterinary Hospital - Garden Grove
651,Anaheim,33.82,-117.91,OC Veterinary Medical Center
652,Anaheim,33.82,-117.91,Orange Villa Veterinary
653,Anaheim,33.82,-117.91,Veterinary Out Patient Clinic
654,Anaheim,33.82,-117.91,Santa Ana Veterinary Hospital Inc
655,Anaheim,33.82,-117.91,Veterinary Surgical Specialists
657,Anaheim,33.82,-117.91,VCA Orange County Veterinary Specialists
659,Anaheim,33.82,-117.91,Veterinary Neurology Center
660,Anaheim,33.82,-117.91,OC Veterinary Assistant School
662,Anaheim,33.82,-117.91,Orange Veterinary Hospital
665,Anaheim,33.82,-117.91,Community Veterinary Hospital
666,Anaheim,33.82,-117.91,Orange Olive Veterinary Hospital
667,Anaheim,33.82,-117.91,Integrative Veterinary Clinic
668,Anaheim,33.82,-117.91,Orange Hill Veterinary Hospital
670,Anaheim,33.82,-117.91,Southern California Veterinary Specialty Hospital
671,Anaheim,33.82,-117.91,North Tustin Veterinary Clinic
672,Anaheim,33.82,-117.91,Santa Ana Veterinary
678,Anaheim,33.82,-117.91,Chapman Veterinary Hospital
680,Anaheim,33.82,-117.91,Tustin Santa Ana Veterinary Hospital
684,Anaheim,33.82,-117.91,The Newport Beach Veterinary Clinic
685,Anaheim,33.82,-117.91,Advanced Veterinary Medical Imaging
686,Anaheim,33.82,-117.91,Advanced Veterinary Care Center
687,Anaheim,33.82,-117.91,BluePrints Veterinary Marketing Group
689,Anaheim,33.82,-117.91,JYK Veterinary Clinic
690,Anaheim,33.82,-117.91,Sea Gate Veterinary Hospital
691,Anaheim,33.82,-117.91,Advanced Veterinary Internal Medicine
693,Anaheim,33.82,-117.91,Huntington Harbour Veterinary Clinic
914,San Jose,37.23,-121.82,United Veterinary Specialty & Emergency
915,San Jose,37.23,-121.82,Silicon Valley Veterinary Specialists
916,San Jose,37.23,-121.82,Oak Grove Veterinary Hospital
917,San Jose,37.23,-121.82,Veterinary Surgical Associates
918,San Jose,37.23,-121.82,Oakridge Veterinary Clinic
919,San Jose,37.23,-121.82,Summit Veterinary Hospital & Kennels
920,San Jose,37.23,-121.82,Wildwood Veterinary Hospital
921,San Jose,37.23,-121.82,Princeton Veterinary Clinic
922,San Jose,37.23,-121.82,SAGE Centers For Veterinary Specialty & Emergency Care
923,San Jose,37.23,-121.82,Evergreen Veterinary Clinic
925,San Jose,37.23,-121.82,Lincoln Avenue Veterinary Clinic
926,San Jose,37.23,-121.82,El Gato Veterinary Hospital
928,San Jose,37.23,-121.82,Porte Veterinary Hospital
929,San Jose,37.23,-121.82,Mayfair Veterinary Hospital
930,San Jose,37.23,-121.82,East Hills Veterinary Clinic
931,San Jose,37.23,-121.82,Saiki Veterinary Mobile Care
932,San Jose,37.23,-121.82,Allcare Veterinary Hospital
961,Pico Rivera,33.98,-118.08,Valley Veterinary Hospital
968,Pico Rivera,33.98,-118.08,San Marino Veterinary Clinic
969,Pico Rivera,33.98,-118.08,Raymond Ave Veterinary Hospital
984,Santa Ana,33.71,-117.87,All Creatures Care Cottage Veterinary Hospital
987,Santa Ana,33.71,-117.87,Irvine Veterinary Services - Northpark
991,Santa Ana,33.71,-117.87,Irvine Veterinary Services
995,Santa Ana,33.71,-117.87,Irvine Valley Veterinary Hospital
996,Santa Ana,33.71,-117.87,Irvine Veterinary Services - University Park
999,Santa Ana,33.71,-117.87,Back Bay Vet
1002,Santa Ana,33.71,-117.87,The Newport Beach Veterinary Hospital
1005,Santa Ana,33.71,-117.87,Huntington Beach Veterinary Hospital
1006,Santa Ana,33.71,-117.87,Dr. Boyd's Veterinary Resort - Orange County
1010,Santa Ana,33.71,-117.87,Diversified Veterinary Mgmt
1014,Santa Ana,33.71,-117.87,Professional Veterinary Assistant School
1154,Alameda,37.77,-122.27,Holistic Veterinary Care
1155,Alameda,37.77,-122.27,Kensington Veterinary Hospital
1161,Alameda,37.77,-122.27,Montclair Veterinary Hospital
1163,Alameda,37.77,-122.27,Claremont Veterinary Hospital
1166,Alameda,37.77,-122.27,St. Louis Veterinary Clinic
1167,Alameda,37.77,-122.27,Woodminster Veterinary Hospital
1169,Alameda,37.77,-122.27,Creature Comfort Holistic Veterinary Center
1170,Alameda,37.77,-122.27,Skyline Veterinary Hospital & Clinic
1171,Alameda,37.77,-122.27,Codornices Veterinary Clinic
1177,Alameda,37.77,-122.27,Moraga Veterinary Hospital
1179,Alameda,37.77,-122.27,Contra Costa Veterinary Hospital
1180,Alameda,37.77,-122.27,Theaterview Veterinary Clinic
1181,Alameda,37.77,-122.27,theatre view veterinary
1182,Alameda,37.77,-122.27,Orinda Veterinary Clinic
1183,Alameda,37.77,-122.27,Rheem Veterinary Medical Hospital
1184,Alameda,37.77,-122.27,All Creatures Veterinary Hospital
1267,Silver Lake,34.07,-118.26,The Veterinary Care Center
1270,Silver Lake,34.07,-118.26,Eagle Glen Veterinary Clinic
1271,Silver Lake,34.07,-118.26,VCA Los Angeles Veterinary Specialists
1281,Silver Lake,34.07,-118.26,Community Veterinary Center
1282,Silver Lake,34.07,-118.26,Limehouse Veterinary Clinic of Holistic Medicine
1283,Silver Lake,34.07,-118.26,West LA Veterinary Group
1287,Silver Lake,34.07,-118.26,Burbank Veterinary Center
1288,Silver Lake,34.07,-118.26,Overland Veterinary Clinic
1292,Silver Lake,34.07,-118.26,Rancho Park Veterinary Clinic
1294,Silver Lake,34.07,-118.26,Sweethome Veterinary
1297,Silver Lake,34.07,-118.26,Rainbow Veterinary Hospital
1299,Silver Lake,34.07,-118.26,Vanderhoof Veterinary Hospital
1302,Silver Lake,34.07,-118.26,Center-Sinai Animal Hospital
1304,Silver Lake,34.07,-118.26,TLC Pet Medical Center
1306,Silver Lake,34.07,-118.26,Holistic Veterinary Healthcare
1389,Sunnyvale,37.35,-122.03,Serra Veterinary Hospital Inc.
1390,Sunnyvale,37.35,-122.03,DeAnza Veterinary Clinic
1391,Sunnyvale,37.35,-122.03,ELC Veterinary Clinic
1392,Sunnyvale,37.35,-122.03,Sunnyvale Veterinary Clinic
1393,Sunnyvale,37.35,-122.03,Cameron Veterinary Hospital
1394,Sunnyvale,37.35,-122.03,Veterinary Clinic
1395,Sunnyvale,37.35,-122.03,Acadia Veterinary Clinic
1396,Sunnyvale,37.35,-122.03,South Peninsula Veterinary Emergency Clinic
1399,Sunnyvale,37.35,-122.03,"Griesshaber, Eric DVM - Acadia Veterinary Clinic"
1400,Sunnyvale,37.35,-122.03,Miramonte Veterinary Hospital
1401,Sunnyvale,37.35,-122.03,"Los Altos Veterinary Clinic, Glynn Echerd, DVM"
1402,Sunnyvale,37.35,-122.03,Saratoga Veterinary Hospital
1404,Sunnyvale,37.35,-122.03,Foothill College Veterinary Technology Building
1406,Sunnyvale,37.35,-122.03,Quito Veterinary Hospital
1408,Sunnyvale,37.35,-122.03,Advanced Veterinary Medical Center
1410,Sunnyvale,37.35,-122.03,Parktown Veterinary Clinic
1412,Sunnyvale,37.35,-122.03,Tama Veterinary Hospital
1415,Sunnyvale,37.35,-122.03,Bay Cities Veterinary Clinic
1418,Sunnyvale,37.35,-122.03,Calaveras Veterinary Clinic
1480,Los Angeles,34.02,-118.15,VCA Foothill Veterinary Hospital
1494,Los Angeles,34.02,-118.15,Pasadena Pet Veterinary Hospital
1502,Los Angeles,34.02,-118.15,Advanced Veterinary Dentistry
1503,Los Angeles,34.02,-118.15,Pasadena Pets Veterinary Hospital
1504,Los Angeles,34.02,-118.15,Exotic Animal Veterinary Center
1505,Los Angeles,34.02,-118.15,Rose City Veterinary Hospital
1815,Carson,33.82,-118.26,VCA Advanced Veterinary Care Center
1817,Carson,33.82,-118.26,Harbor Pines Veterinary
1820,Carson,33.82,-118.26,Western Veterinary Group
1821,Carson,33.82,-118.26,Pacific Veterinary Center
1822,Carson,33.82,-118.26,Blue Cross Veterinary Hospital
1823,Carson,33.82,-118.26,Dr. Paula's Mobile Veterinary Services
1826,Carson,33.82,-118.26,All Pets Veterinary
1829,Carson,33.82,-118.26,Beach Veterinary Hospital
1830,Carson,33.82,-118.26,Redondo Shores Veterinary Center
1832,Carson,33.82,-118.26,Redondo Veterinary Medical Center
1837,Carson,33.82,-118.26,Belmont Shore Vet
1908,Antioch,37.99,-121.81,Antioch Veterinary Clinic
1909,Antioch,37.99,-121.81,East Bay Veterinary Emergency
1910,Antioch,37.99,-121.81,Antioch Veterinary Hospital
1912,Antioch,37.99,-121.81,Cypress Veterinary Hospital
1913,Antioch,37.99,-121.81,Oakley Veterinary
1914,Antioch,37.99,-121.81,Central Boulevard Veterinary Hospital
1915,Antioch,37.99,-121.81,Brentwood Veterinary Hospital
1916,Antioch,37.99,-121.81,Alpine Veterinary Hospital
1917,San Diego,32.73,-117.08,El Cerrito Veterinary Hospital
1918,San Diego,32.73,-117.08,veterinary care
1919,San Diego,32.73,-117.08,ABC Veterinary Hospital - Uptown
1920,San Diego,32.73,-117.08,Market Street Veterinary Clinic
1921,San Diego,32.73,-117.08,Kearny Mesa Veterinary Center
1922,San Diego,32.73,-117.08,Pacific veterinary clinic
1923,San Diego,32.73,-117.08,Spring valley veterinary
1924,San Diego,32.73,-117.08,Presidio Veterinary Hospital
1925,San Diego,32.73,-117.08,Bodhi Veterinary Clinic
1926,San Diego,32.73,-117.08,Colina Veterinary Hospital
1927,San Diego,32.73,-117.08,Coronado Veterinary
1928,San Diego,32.73,-117.08,ABC Veterinary Hospital - Pacific Beach
1929,San Diego,32.73,-117.08,Carol Gabrielson DVM- Veterinary Housecalls
1931,San Diego,32.73,-117.08,ABC Veterinary Hospital - Kearny Mesa
1932,San Diego,32.73,-117.08,Lemon Grove Veterinary Hospital
1933,San Diego,32.73,-117.08,B Street Veterinary Hospital
1935,San Diego,32.73,-117.08,Veterinary Dental Specialties
1936,San Diego,32.73,-117.08,Veterinary Imaging Center San Diego
1937,San Diego,32.73,-117.08,veterinary imaging center
1938,San Diego,32.73,-117.08,Veterinary clinic
1939,San Diego,32.73,-117.08,Healing Hands Veterinary Care
1940,San Diego,32.73,-117.08,San Carlos Veterinary Hospital
1941,San Diego,32.73,-117.08,Lake Murray Village Veterinary Clinic
1942,San Diego,32.73,-117.08,Tierrasanta Veterinary Hospital
1943,San Diego,32.73,-117.08,Eastlake Village Veterinary
1944,San Diego,32.73,-117.08,Care & Comfort Veterinary Hospital
1945,San Diego,32.73,-117.08,Bay Park Veterinary Clinic
1946,San Diego,32.73,-117.08,Bodhi Animal Hospital
1947,San Diego,32.73,-117.08,Coastview Veterinary Hospital
1948,San Diego,32.73,-117.08,Balboa Veterinary Hospital
1949,San Diego,32.73,-117.08,South Bay Veterinary Hospital
1950,San Diego,32.73,-117.08,Bayside Veterinary Clinic
1951,San Diego,32.73,-117.08,Rancho Village Veterinary Hospital
1952,San Diego,32.73,-117.08,Point Loma Veterinary Clinic
1953,San Diego,32.73,-117.08,Bayside Veterinary Hospital
1954,San Diego,32.73,-117.08,Integrative Veterinary Care
1955,San Diego,32.73,-117.08,Southern California Veterinary Dental Specialties
1956,San Diego,32.73,-117.08,Otay Lakes Veterinary
1958,San Diego,32.73,-117.08,Cabrillo Veterinary Clinic
1959,San Diego,32.73,-117.08,PIMA Veterinary Technician Campus
1960,San Diego,32.73,-117.08,El Cajon Valley Veterinary Hospital
1961,San Diego,32.73,-117.08,Shelter Island Veterinary Hospital
1962,San Diego,32.73,-117.08,South San Diego Veterinary Hospital
1963,San Diego,32.73,-117.08,Steele Canyon Veterinary Clinic
1964,San Diego,32.73,-117.08,Jamacha Veterinary Clinic
1965,San Diego,32.73,-117.08,SeaCoast Veterinary Group
2159,Panorama City,34.22,-118.44,East Valley Veterinary Clinic
2162,Panorama City,34.22,-118.44,Fivestar Veterinary Center
2181,Panorama City,34.22,-118.44,Collet Veterinary Clinic
2187,Panorama City,34.22,-118.44,Big Tujunga Veterinary Hospital
2540,Costa Mesa,33.64,-117.91,"Dr. Silvia M Colladay DVM, Coastal Veterinary Medicine"
2603,Broadway Manchester,33.96,-118.27,Shane Veterinary
2622,Broadway Manchester,33.96,-118.27,Westchester Veterinary Center & Cat Clinic
2626,Broadway Manchester,33.96,-118.27,Marina Veterinary Center
2679,Oakwood,34.07,-118.31,Elite Veterinary Care (Mobile Practice)
2692,Oakwood,34.07,-118.31,Hope Veterinary Center
2693,Oakwood,34.07,-118.31,Stewart Veterinary Clinic
2702,Oakwood,34.07,-118.31,Bay Cities Veterinary Hospital
2709,Oakwood,34.07,-118.31,Jones Veterinary
2808,National City,32.67,-117.09,Vet Playas Veterinary Clinic
2834,Cypress,33.81,-118.03,Sun Surf Veterinary Hospital
2888,Indio,33.71,-116.23,All Creatures Veterinary Care
2889,Indio,33.71,-116.23,Desert Veterinary Specialists
2959,San Francisco,37.79,-122.42,Camino Alto Veterinary Hospital & Wellness Center
2969,San Francisco,37.79,-122.42,Alto Tiburon Veterinary Hospital
2980,San Francisco,37.79,-122.42,Richmond Veterinary Hospital
3055,Newbury Park,34.17,-118.95,Midtown Veterinary Clinic
3056,Newbury Park,34.17,-118.95,Battier's Veterinary Clinic
3057,Newbury Park,34.17,-118.95,East West Veterinary Clinic
3058,Newbury Park,34.17,-118.95,The Village Veterinary
3059,Newbury Park,34.17,-118.95,Borchard Veterinary Clinic
3060,Newbury Park,34.17,-118.95,Newbury Park Veterinary Clinic
3062,Newbury Park,34.17,-118.95,The Veterinary Hospital of Westlake Village
3063,Newbury Park,34.17,-118.95,Conejo Valley Veterinary Hospital
3064,Newbury Park,34.17,-118.95,Camarillo Veterinary Hospital
3065,Newbury Park,34.17,-118.95,Mission Oaks Veterinary Clinic
3066,Newbury Park,34.17,-118.95,Las Posas Veterinary Medical Center
3067,Newbury Park,34.17,-118.95,VSEC - Veterinary Specialty and Emergency Center of Thousand Oaks
3068,Newbury Park,34.17,-118.95,Caring Hands Veterinary Hospital
3069,Newbury Park,34.17,-118.95,The Village Veterinary Hospital
3070,Newbury Park,34.17,-118.95,Camarosa Veterinary Clinic
3071,Newbury Park,34.17,-118.95,Maulhardt Equine Veterinary Services
3072,Newbury Park,34.17,-118.95,At Home Veterinary Care - Bradley Patterson DVM
3073,Newbury Park,34.17,-118.95,Valley Veterinary Clinic
3074,Newbury Park,34.17,-118.95,Town Veterinary
3075,Newbury Park,34.17,-118.95,Moorpark Veterinary Hospital
3076,Newbury Park,34.17,-118.95,Oak Park Veterinary Hospital
3213,Box Canyon,34.22,-118.59,Veterinary Angels Medical Center
3230,Box Canyon,34.22,-118.59,Rancho Sequoia Veterinary Hospital
3231,Box Canyon,34.22,-118.59,Alamo Veterinary Clinic
3236,Box Canyon,34.22,-118.59,National veterinary associates
3237,Box Canyon,34.22,-118.59,National Veterinary Associates (NVA)
3279,Upland,34.1,-117.66,Inland Valley Veterinary Specialists & Emergency Center
3280,Upland,34.1,-117.66,Mountain View Veterinary Hospital
3281,Upland,34.1,-117.66,College Of Veterinary Medicine at Western University
3282,Upland,34.1,-117.66,Ontario Veterinary Hospital
3284,Upland,34.1,-117.66,Claremont veterinary hospital
3286,Upland,34.1,-117.66,Golden Oaks Veterinary Hospital
3288,Upland,34.1,-117.66,Euclid Veterinary Hospital
3289,Upland,34.1,-117.66,Chino Veterinary Hospital
3290,Upland,34.1,-117.66,Citrus Veterinary Clinic
3293,Upland,34.1,-117.66,Payne Ranch Veterinary Clinic
3294,Upland,34.1,-117.66,PET DEPOT Franchises
3559,San Diego,32.75,-117.07,Judy veterinary clinic
3573,San Diego,32.75,-117.07,Agape Veterinary Hospital
3579,San Diego,32.75,-117.07,"Bastet Veterinary Hospital, Inc."
4338,Los Angeles,34.04,-118.18,Crown city veterinary medical group
4501,Thousand Oaks,34.21,-118.88,Town Veterinary Medical Center
4582,Los Angeles,34.1,-118.22,Crescenta Valley Veterinary Hospital
5050,West Covina,34.06,-117.94,Dr. Domotor's Animal House Veterinary Hospital
5051,West Covina,34.06,-117.94,Huntington Veterinary Hospital
5052,West Covina,34.06,-117.94,Glendora Veterinary Clinic
5060,West Covina,34.06,-117.94,Huntington Vet Hos
5178,San Mateo,37.54,-122.3,S.A.G.E Centers Veterinary Specialty & Emergency Care
5179,San Mateo,37.54,-122.3,Veterinary Vision San Carlos
5180,San Mateo,37.54,-122.3,Woodside Veterinary Clinic
5184,San Mateo,37.54,-122.3,sequoia veterinary hospital
5188,San Mateo,37.54,-122.3,Half Moon Bay Veterinary Hospital
5189,San Mateo,37.54,-122.3,Village Square Veterinary Hospital
5190,San Mateo,37.54,-122.3,Coastside Veterinary Clinic
5192,San Mateo,37.54,-122.3,Portola Valley Veterinary Hospital
5193,San Mateo,37.54,-122.3,Village Square Vet Hospital
5860,Roseville,38.76,-121.28,Atlantic Street Veterinary Pet Emergency Hospital
5861,Roseville,38.76,-121.28,Arbor View Veterinary Clinic
5862,Roseville,38.76,-121.28,Veterinary Healing Center
5864,Roseville,38.76,-121.28,Family Friends Veterinary Hospital
5865,Roseville,38.76,-121.28,Pet Care Veterinary Clinic
5866,Roseville,38.76,-121.28,VCA Loomis Basin Veterinary Clinic
5867,Roseville,38.76,-121.28,Dry Creek Veterinary Center
5868,Roseville,38.76,-121.28,West Roseville Veterinary Hospital
5869,Roseville,38.76,-121.28,Cirby Sunrise Veterinary Clinic
5870,Roseville,38.76,-121.28,Rocklin Ranch Veterinary Hospital
5871,Roseville,38.76,-121.28,Loomis Basin Small Animal Veterinary Clinic
5872,Roseville,38.76,-121.28,Douglas Blvd Veterinary Clinic
5873,Roseville,38.76,-121.28,VCA  Veterinary Clinic
5874,Roseville,38.76,-121.28,Cats Only Veterinary Hospital
5875,Roseville,38.76,-121.28,Johnson Ranch Veterinary Clinic
5876,Roseville,38.76,-121.28,Elkhorn Plaza Veterinary Clinic
5879,Roseville,38.76,-121.28,Meridian Veterinary Care
5880,Roseville,38.76,-121.28,Madison Avenue Veterinary Clinic
5881,Roseville,38.76,-121.28,Oaks Village Veterinary Hospital
5882,Roseville,38.76,-121.28,Sterling Pointe Veterinary
5883,Roseville,38.76,-121.28,Folsom Veterinary Hospital
5885,Roseville,38.76,-121.28,Akaal Pet Hospital
5886,Roseville,38.76,-121.28,Critter Creek Vet
5887,Roseville,38.76,-121.28,Folsom Vet Hospital
5897,Citrus Heights,38.69,-121.26,Veterinary Medical Center Folsom
5899,Citrus Heights,38.69,-121.26,Veterinary Care Of America
5901,Citrus Heights,38.69,-121.26,California Veterinary Medical Association
5902,Citrus Heights,38.69,-121.26,Integrative Veterinary
5911,Citrus Heights,38.69,-121.26,Veterinary Insurance Services company
5914,Citrus Heights,38.69,-121.26,USDA Veterinary Services
5918,Citrus Heights,38.69,-121.26,VCA Sacramento Veterinary Referral Center
5919,Citrus Heights,38.69,-121.26,Cordova Veterinary Hospital
5920,Citrus Heights,38.69,-121.26,El Camino Veterinary Hospital
5921,Citrus Heights,38.69,-121.26,Sacramento Veterinary Dental Services
5924,Citrus Heights,38.69,-121.26,Integrative Veterinary Center
5925,Citrus Heights,38.69,-121.26,Pacific Veterinary Conference Marketing Department
5926,Citrus Heights,38.69,-121.26,Spencer & Co. Mobile Veterinary Clinic
5967,San Diego,32.79,-117.23,Pacific Beach Veterinary Clinic
5973,San Diego,32.79,-117.23,Veterinary Specialty Hospital
5989,San Diego,32.79,-117.23,La Jolla Veterinary Hospital
5994,San Diego,32.79,-117.23,Wind N Sea Veterinary Clinic
5998,San Diego,32.79,-117.23,Colony Veterinary Clinic
6003,San Diego,32.79,-117.23,UC Veterinary Medical Center
6006,San Diego,32.79,-117.23,Center Veterinary Clinic
6007,San Diego,32.79,-117.23,MCAS Veterinary Clinic
6150,Riverside,33.93,-117.49,Sacred Hearts Veterinary Hospital
6152,Riverside,33.93,-117.49,Corona Community Veterinary Hospital
7659,Bakersfield,35.33,-119.02,Bakersfield Veterinary Hospital
7660,Bakersfield,35.33,-119.02,San Joaquin Veterinary
7661,Bakersfield,35.33,-119.02,Southwest Veterinary Hospital
7662,Bakersfield,35.33,-119.02,Allen Road Veterinary
7663,Bakersfield,35.33,-119.02,Stockdale Veterinary Hospital
7664,Bakersfield,35.33,-119.02,Mt. Vernon Veterinary Hospital
7665,Bakersfield,35.33,-119.02,Stine Veterinary Hospital
7666,Bakersfield,35.33,-119.02,Cooke's Veterinary Hospital
7667,Bakersfield,35.33,-119.02,Stiern Veterinary Hospital
7668,Bakersfield,35.33,-119.02,Department Of Defense Veterinary Unit
7669,Bakersfield,35.33,-119.02,Nile Point Veterinary Hospital
7670,Bakersfield,35.33,-119.02,North of the River Veterinary Hospital
7671,Bakersfield,35.33,-119.02,Thurman Veterinary
7685,Rohnert Park,38.34,-122.7,North Park Veterinary
7686,Rohnert Park,38.34,-122.7,Rohnert Park Veterinary Clinic
7687,Rohnert Park,38.34,-122.7,La Plaza Veterinary Clinic
7688,Rohnert Park,38.34,-122.7,Blue Sky Veterinary Hospital
7689,Rohnert Park,38.34,-122.7,Wise & Wonderful Integrative Veterinary Center
7690,Rohnert Park,38.34,-122.7,Veterinary Healing Arts
7691,Rohnert Park,38.34,-122.7,Larkfield Veterinary
7692,Rohnert Park,38.34,-122.7,Petaluma Veterinary Hospital
7693,Rohnert Park,38.34,-122.7,Redwood Veterinary Clinic
7696,Rohnert Park,38.34,-122.7,VCA PetCare East Veterinary Hospital
7697,Rohnert Park,38.34,-122.7,Pet Care Veterinary Hospital
7698,Rohnert Park,38.34,-122.7,Laguna Veterinary Hospital
7699,Rohnert Park,38.34,-122.7,Humane Society Veterinary Hospital
7700,Rohnert Park,38.34,-122.7,Washington Square Veterinary Clinic
7701,Rohnert Park,38.34,-122.7,All Tails Wagging Veterinary Clinic
7702,Rohnert Park,38.34,-122.7,Santa Rosa Veterinary Hospital
7703,Rohnert Park,38.34,-122.7,Animal Kingdom Veterinary Hospital
7704,Rohnert Park,38.34,-122.7,VCA PerCare West Veterinary Hospital
7705,Rohnert Park,38.34,-122.7,Brandner Veterinary Hospital
7706,Rohnert Park,38.34,-122.7,Heritage Veterinary Hospital
7708,Rohnert Park,38.34,-122.7,Analy Veterinary Hospital
7709,Rohnert Park,38.34,-122.7,Montecito Veterinary Clinic
7710,Rohnert Park,38.34,-122.7,VCA Larkfield Animal Hospital
7821,Fresno,36.84,-119.82,Palm Bluff Veterinary Hospital
7822,Fresno,36.84,-119.82,Dog & Cat Veterinary Clinic
7823,Fresno,36.84,-119.82,Fresno Veterinary Specialty & Emergency Services
7824,Fresno,36.84,-119.82,Bullard-Marks Veterinary Hospital
7825,Fresno,36.84,-119.82,Yun Veterinary Hospital
7827,Fresno,36.84,-119.82,Cedar Veterinary Hospital
7828,Fresno,36.84,-119.82,San Joaquin Veterinary Hospital
7829,Fresno,36.84,-119.82,Shaw Veterinary Hospital
7830,Fresno,36.84,-119.82,Care Veterinary Hospital
7831,Fresno,36.84,-119.82,Adobe Mobile Veterinary Services
7833,Fresno,36.84,-119.82,Clovis Veterinary Hospital
7834,Fresno,36.84,-119.82,Country Veterinary Clinic
7835,Fresno,36.84,-119.82,Dr. Suda @ Olive Veterinary Hospital
7836,Fresno,36.84,-119.82,Dr. Ned E. Eib Veterinary
7837,Fresno,36.84,-119.82,Kings Canyon Veterinary Hospital
7838,Fresno,36.84,-119.82,Dr. Hagus Veterinary Clinic
7857,San Clemente,33.42,-117.62,San Clemente Veterinary
7858,San Clemente,33.42,-117.62,Veterinary Housecalls
7859,San Clemente,33.42,-117.62,Veterinary Medical and Surgical Group
7860,San Clemente,33.42,-117.62,Camino Veterinary Clinic
7861,San Clemente,33.42,-117.62,Alicia Pacific Veterinary Clinic
7862,San Clemente,33.42,-117.62,Estrella Veterinary Hospital
7863,San Clemente,33.42,-117.62,Pico Vet
7864,San Clemente,33.42,-117.62,Pacific Coast Veterinary Hospital
7865,San Clemente,33.42,-117.62,Dana Niguel Veterinary Hospital
7866,San Clemente,33.42,-117.62,Capistrano Veterinary Clinic
7867,San Clemente,33.42,-117.62,"Vet, Medical & Surgical"
7868,San Clemente,33.42,-117.62,Monarch Veterinary Hospital
7870,San Clemente,33.42,-117.62,South Coast Veterinary Hospital
7871,San Clemente,33.42,-117.62,Alicia Pacific Veterinary Center
7872,San Clemente,33.42,-117.62,Laguna Grove Veterinary Hospital
7873,San Clemente,33.42,-117.62,Laguna Grove veterinary
7874,San Bernardino,34.1,-117.27,Veterinary Integrative Center
7875,San Bernardino,34.1,-117.27,Highland Avenue Veterinary Clinic
7876,San Bernardino,34.1,-117.27,Northside Veterinary Clinic
8863,Newport Beach,33.62,-117.87,Arch Beach Veterinary Clinic
9133,Santa Clarita,34.43,-118.51,Cinema Veterinary Centre
9134,Santa Clarita,34.43,-118.51,V.I.P. Veterinary
9135,Santa Clarita,34.43,-118.51,Stevenson Ranch Veterinary Center
9136,Santa Clarita,34.43,-118.51,Valencia Veterinary Center
9137,Santa Clarita,34.43,-118.51,Canyon Country Veterinary Hospital
9138,Santa Clarita,34.43,-118.51,Sierra Veterinary Clinic
9139,Santa Clarita,34.43,-118.51,Adobe Veterinary Hospital
9140,Santa Clarita,34.43,-118.51,Pet Stop Veterinary Outpatient Service
9141,Santa Clarita,34.43,-118.51,Happy Pets Veterinary Center
9143,Santa Clarita,34.43,-118.51,Golden State Veterinary Care
9408,Fresno,36.74,-119.75,Academy Veterinary
9409,Fresno,36.74,-119.75,Troy S Ford Veterinary Surgery Center
9410,Oceanside,33.18,-117.29,Tri City Veterinary Clinic
9411,Oceanside,33.18,-117.29,Shadowridge Veterinary Hospital
9413,Oceanside,33.18,-117.29,Veterinary Treatment Facility
9414,Oceanside,33.18,-117.29,Melrose Veterinary Hospital
9415,Oceanside,33.18,-117.29,Vista Veterinary Hospital
9416,Oceanside,33.18,-117.29,Oceanside Veterinary Hospital
9417,Oceanside,33.18,-117.29,Fire Mountain Veterinary Hospital
9418,Oceanside,33.18,-117.29,Pearson & Nespor Veterinary
9420,Oceanside,33.18,-117.29,Oceanside Veterinary
9421,Oceanside,33.18,-117.29,ABC Veterinary Hospital
9422,Oceanside,33.18,-117.29,San Marcos Veterinary Clinic
9423,Oceanside,33.18,-117.29,Camp Pendleton Veterinary Treatment Facility
9424,Oceanside,33.18,-117.29,The Drake Center for Veterinary Care
9426,Oceanside,33.18,-117.29,Evans Mobile Veterinary Care
9427,Oceanside,33.18,-117.29,Pacific Coast Veterinary Dentistry & Oral Surgery
9429,Oceanside,33.18,-117.29,Encinitas Village Veterinary Clinic
9430,Oceanside,33.18,-117.29,Camp Pendleton Vet
9688,Sacramento,38.61,-121.49,Broadway Veterinary Hospital
9690,Sacramento,38.61,-121.49,Del Paso Veterinary Clinic
9695,Sacramento,38.61,-121.49,Discovery Animal Hospital
9696,Sacramento,38.61,-121.49,Veterinary Technology
9697,Sacramento,38.61,-121.49,"Veterinary Specialty Group-Emergency & Referral Center, Inc."
9698,Sacramento,38.61,-121.49,Dr. Murray Fowler Veterinary Hospital
9699,Sacramento,38.61,-121.49,Natomas Veterinary Hospital
9700,Sacramento,38.61,-121.49,Jefferson Park Veterinary Clinic
9707,Sacramento,38.61,-121.49,Rio Linda Veterinary Clinic
9710,Sacramento,38.61,-121.49,Southgate Veterinary Hospital
9948,Spg Valley Lk,34.48,-117.36,High Desert Veterinary Care
9950,Spg Valley Lk,34.48,-117.36,VV VETERINARY HESPERIA ROAD
9954,Santa Cruz,36.97,-121.98,Santa Cruz Veterinary Hospital
9955,Santa Cruz,36.97,-121.98,Pacific Veterinary Specialists & Emergency Service
9956,Santa Cruz,36.97,-121.98,Capitola Veterinary Hospital
9957,Santa Cruz,36.97,-121.98,Chanticleer Veterinary Hospital
9958,Santa Cruz,36.97,-121.98,Harbor Veterinary Hospital
9959,Santa Cruz,36.97,-121.98,Mount Hermon Veterinary Clinic
9960,Santa Cruz,36.97,-121.98,All Pets Veterinary Clinic
9961,Santa Cruz,36.97,-121.98,Aquatic Veterinary Services of Northern California
9963,Santa Cruz,36.97,-121.98,Scotts Valley Veterinary Clinic
9964,Santa Cruz,36.97,-121.98,Felton Veterinary Hospital
11016,Citrus Heights,38.68,-121.22,Marketplace Veterinary Hospital
11059,Concord,38.0,-122.03,Four Corners Veterinary Hospitals
11060,Concord,38.0,-122.03,Sage Veterinary Specialty & Emergency Care
11061,Concord,38.0,-122.03,Valley Veterinary
11062,Concord,38.0,-122.03,Muir Oaks Veterinary Hospital
11063,Concord,38.0,-122.03,Diablo View Veterinary Medical Hospital
11064,Concord,38.0,-122.03,Veterinary Healing and Imaging
11065,Concord,38.0,-122.03,Apollo Veterinary Hospital
11066,Concord,38.0,-122.03,Mt. Diablo Veterinary Medical Center
11068,Concord,38.0,-122.03,Hillcrest Veterinary Hospital
11069,Concord,38.0,-122.03,Four Corners Veterinary Hospital
11070,Concord,38.0,-122.03,East Bay Veterinary Specialists
11071,Concord,38.0,-122.03,Sunvalley Veterinary
11073,Concord,38.0,-122.03,Walnut Creek Veterinary Hospital
11074,Concord,38.0,-122.03,Pleasant Hill Veterinary Clinic
11075,Concord,38.0,-122.03,Muller Veterinary Hospital
11076,Concord,38.0,-122.03,Geary Veterinary Hospital
11077,Concord,38.0,-122.03,Oasis Veterinary Hospital
11078,Concord,38.0,-122.03,Mt. Diablo Veterinary
11174,Laguna Beach,33.6,-117.71,Portola Plaza Veterinary Hospital
11186,Laguna Beach,33.6,-117.71,Family Member Vet
12330,Stockton,38.02,-121.3,Walker Veterinary Hospital
12331,Stockton,38.02,-121.3,Stockton Veterinary Emergency and Specialty Center
12333,Stockton,38.02,-121.3,Associated Veterinary Emergency Services
12334,Stockton,38.02,-121.3,Pacifc Veterinary Hospital
12335,Stockton,38.02,-121.3,Bear Creek Veterinary Hospital
12337,Stockton,38.02,-121.3,Rosemarie Veterinary
12338,Stockton,38.02,-121.3,American Veterinary Hospital
12340,Stockton,38.02,-121.3,Fremont Veterinary Clinic
12341,Stockton,38.02,-121.3,All creatures veterinary
12342,Stockton,38.02,-121.3,Cherokee Veterinary
12343,Stockton,38.02,-121.3,Lodi Veterinary Hospital
12344,Stockton,38.02,-121.3,Vineyard Veterinary
12345,Stockton,38.02,-121.3,Jim Bergum Veterinary Service Inc
12346,Stockton,38.02,-121.3,Oakwood Veterinary
12636,Vallejo,38.09,-122.25,Redwood Veterinary Hospital
12637,Vallejo,38.09,-122.25,Springs Veterinary Clinic
12639,Vallejo,38.09,-122.25,American Canyon Veterinary Hospital
12640,Vallejo,38.09,-122.25,Animal Care Veterinary Clinic
12641,Vallejo,38.09,-122.25,El Sobrante Veterinary Hospital
12876,Merced,37.29,-120.48,BVS Veterinary Service
12877,Merced,37.29,-120.48,Merced Veterinary Clinic
13543,Stkn,37.96,-121.26,Lathrop Veterinary Center
13843,San Diego,32.82,-117.08,Carmel Mountain Ranch Veterinary Hospital
13860,San Diego,32.82,-117.08,Scripps Ranch Veterinary Hospital
13868,San Diego,32.82,-117.08,Veterinary Imaging Center Of San Diego
13879,San Diego,32.82,-117.08,Paradise Veterinary Hospital
13881,San Diego,32.82,-117.08,Scripps Parkway Veterinary Hospital
13887,San Diego,32.82,-117.08,Advanced Care Veterinary Hospital
13889,San Diego,32.82,-117.08,Jazzercise Mira Mesa
14081,Fruitridge,38.53,-121.44,Vintage Park Veterinary Clinic
14084,Fruitridge,38.53,-121.44,Hatton Veterinary Hospital
14087,Fruitridge,38.53,-121.44,Kittel Family Veterinary Practice
14089,Fruitridge,38.53,-121.44,Laguna Creek Veterinary Hospital
14092,Fruitridge,38.53,-121.44,Just for Cats Veterinary Hospital
14095,Fruitridge,38.53,-121.44,VCA Bradshaw Animal Hospital
14097,Ventura,34.27,-119.16,Veterinary Medical & Surgical Group
14101,Ventura,34.27,-119.16,Ventura Veterinary Hospital
14103,Ventura,34.27,-119.16,Oxnard Veterinary Hospital
14104,Ventura,34.27,-119.16,Venutra Veterinary Hospital
14105,Ventura,34.27,-119.16,Dr. Moore Veterinary Clinic
14108,Ventura,34.27,-119.16,Channel Islands Veterinary Hospital
14109,Ventura,34.27,-119.16,Four Paws Veterinary Clinic
14502,Chico,39.74,-121.83,VCA Valley Oak Veterinary Center
14503,Chico,39.74,-121.83,All About Pets Veterinary Hospital
14504,Chico,39.74,-121.83,Mangrove Veterinary Hospital
14505,Chico,39.74,-121.83,Ever's Veterinary Clinic
14506,Chico,39.74,-121.83,Durham Veterinary Clinic
14507,Chico,39.74,-121.83,Erickson Veterinary Hospital
14508,Chico,39.74,-121.83,North Valley Emergency Veterinary Clinic
14509,Chico,39.74,-121.83,Darling Veterinary Clinic
14510,Monterey,36.6,-121.88,Aguajito Veterinary Hospital
14511,Monterey,36.6,-121.88,Parkview Veterinary Hospital
14512,Monterey,36.6,-121.88,Nichols Veterinary Care
14513,Monterey,36.6,-121.88,Cottage Veterinary Care
14515,Monterey,36.6,-121.88,Natural Veterinary Therapy
14516,Monterey,36.6,-121.88,SPCA for Monterey County Veterinary Clinic
14517,Monterey,36.6,-121.88,VCA Ocean View Animal Hospital
14518,Monterey,36.6,-121.88,Monterey Peninsula Vet
14519,Monterey,36.6,-121.88,Carmel Holistic Veterinary Clinic
15007,San Diego,32.79,-117.06,Lakeside Veterinary Clinic
16999,Sacramento,38.51,-121.44,Grantline Veterinary Hospital
17025,Sacramento,38.51,-121.44,Country Veterinary Hospital
18189,Santa Rosa,38.43,-122.67,Wikiup Veterinary Hospital
18200,Santa Rosa,38.43,-122.67,St. Helena Veterinary Hospital
18219,Carlsbad,33.1,-117.29,Rancho Santa Fe Veterinary Hospital
18223,Carlsbad,33.1,-117.29,Del Mar Heights Veterinary Hospital
18224,Riverbank,37.73,-120.95,River Oak Veterinary Hispital
18225,Riverbank,37.73,-120.95,Sylvan Veterinary
18226,Riverbank,37.73,-120.95,Veterinary Medical Associates
18227,Riverbank,37.73,-120.95,Village Oak Veterinary Hospital
18228,Riverbank,37.73,-120.95,Sylvan Veterinary Hospital
18229,Riverbank,37.73,-120.95,Standiford Veterinary Center
18230,Riverbank,37.73,-120.95,Coffee Road Veterinary Clinic
18231,Riverbank,37.73,-120.95,College Veterinary Hospital
18232,Riverbank,37.73,-120.95,Valley Veterinary hospital
18233,Riverbank,37.73,-120.95,Beckwith Veterinary Hospital
18234,Riverbank,37.73,-120.95,Emergency Veterinary
18235,Riverbank,37.73,-120.95,Empire Veterinary Clinic
18236,Riverbank,37.73,-120.95,Old Town Veterinary
18237,Riverbank,37.73,-120.95,Oakdale Veterinary Group
18238,Riverbank,37.73,-120.95,Modesto Veterinary Hospital Inc.
18239,Riverbank,37.73,-120.95,Yosemite Veterinary Hospital
18240,Riverbank,37.73,-120.95,Salida Veterinary Hospital
18241,Riverbank,37.73,-120.95,Ripon Veterinary Hospital
18242,Riverbank,37.73,-120.95,Ceres Veterinary Clinic
18245,Riverbank,37.73,-120.95,Crows Landing Vet
19985,Orange,33.83,-117.85,Pico Veterinary Clinic
20010,Orange,33.83,-117.85,Greek & Associates Veterinary Hospital
20171,Menifee,33.7,-117.19,Sun City Veterinary Clinic
20172,Menifee,33.7,-117.19,French Valley Veterinary Hospital
20173,Menifee,33.7,-117.19,Murrieta Oaks Veterinary Hospital & Pet Hotel
20174,Menifee,33.7,-117.19,Clinton Keith Veterinary Hospital
20175,Menifee,33.7,-117.19,Mesa Mobile Veterinary Clinic
20178,Menifee,33.7,-117.19,Perris Valley Veterinary Clinic
20179,Menifee,33.7,-117.19,Valley veterinary clinic
20180,Menifee,33.7,-117.19,California Veterinary Specialist
20181,Menifee,33.7,-117.19,Old Town Veterinary Hospital
20183,Menifee,33.7,-117.19,VCA California Oaks Animal Hospital
20190,Bonita,32.67,-117.01,Jamul Veterinary Clinic
20366,Walnut Creek,37.86,-122.07,Danville Veterinary
20371,Walnut Creek,37.86,-122.07,Blackhawk Veterinary Hospital
20384,Walnut Creek,37.86,-122.07,Danville Veterinary Hospital
20400,Walnut Creek,37.86,-122.07,Tassajara Veterinary Clinic
20475,Eureka,40.8,-124.15,Eureka Veterinary Hospital
21097,Santa Barbara,34.43,-119.68,Advanced Veterinary Specialists
21099,Santa Barbara,34.43,-119.68,advanced veterinary specialists
21100,Santa Barbara,34.43,-119.68,Carpinteria Veterinary Hospital
21462,Scotts Valley,37.06,-122.01,Boulder Creek Veterinary Clinic
21627,Tonyville,36.2,-119.08,Exeter Veterinary Hospital
21628,Tonyville,36.2,-119.08,Henderson Veterinary Hospital
21812,San Jacinto,33.81,-117.02,Pet's Vet Veterinary Clinic
21813,San Jacinto,33.81,-117.02,Banning Veterinary Hospital
21887,Grand Terrace,34.03,-117.31,Sunnymead Veterinary Clinic
21888,Grand Terrace,34.03,-117.31,Dr. Park Veterinary Clinic
21947,West Sacramento,38.59,-121.54,South Davis Vet
22402,Clearlake,38.96,-122.64,Clearlake Veterinary Clinic
22412,Cotati,38.31,-122.7,Valley Of The Moon Veterinary
23240,Stockton,37.95,-121.28,Central Valley Veterinary Hospital
23247,Stockton,37.95,-121.28,Northgate Veterinary
23251,Stockton,37.95,-121.28,Dr. Raj Veterinary
23271,Laton,36.43,-119.69,Hanford  Veterinary Hospital
23272,Laton,36.43,-119.69,Kingsburg Veterinary Clinic
23273,Laton,36.43,-119.69,South County Veterinary Hospital
23274,Yountville,38.41,-122.36,Silverado Veterinary
23275,Yountville,38.41,-122.36,Arroyo Veterinary Hospital
23276,Yountville,38.41,-122.36,Napa Valley Veterinary Hospital
23310,Rancho California,33.48,-117.22,South Temecula Veterinary Hospital & Pet Hotel
23319,Rancho California,33.48,-117.22,Alvarado Veterinary Hospital
23320,Rancho California,33.48,-117.22,Vail Ranch Veterinary Hospital
23322,Rancho California,33.48,-117.22,VCA Pet Medical Center
23323,Rancho California,33.48,-117.22,Vineyard Veterinary Hospital
23325,Rancho California,33.48,-117.22,Fallbrook Veterinary Hospital
23327,Rancho California,33.48,-117.22,South temecula veterinary hospital
23328,Rancho California,33.48,-117.22,La Cresta Mobile Veterinary Services
